{
  "baseline_model": {
    "model_name": "baseline",
    "dependent_variable": "real_pce",
    "n_observations": 106,
    "r_squared": 0.3428482500012908,
    "adj_r_squared": 0.33652948317438014,
    "f_statistic": 54.258727912090755,
    "f_pvalue": 4.32424874385747e-11,
    "aic": 1687.9244926388249,
    "bic": 1693.251370827049,
    "durbin_watson": 0.07999760634740771,
    "coefficients": {
      "const": {
        "estimate": 12842.383400984661,
        "std_error": 118.96759501004213,
        "t_statistic": 107.9485838131016,
        "p_value": 1.3328623649528152e-108,
        "ci_lower": 12606.466195651456,
        "ci_upper": 13078.300606317867
      },
      "cpi_yoy_pct": {
        "estimate": 224.663756267197,
        "std_error": 30.499885714285977,
        "t_statistic": 7.3660523967788425,
        "p_value": 4.3242487438566183e-11,
        "ci_lower": 164.18133834415545,
        "ci_upper": 285.1461741902385
      }
    }
  },
  "lagged_model": {
    "model_name": "lagged",
    "dependent_variable": "real_pce",
    "n_observations": 106,
    "r_squared": 0.3480972017686238,
    "adj_r_squared": 0.3289235900559363,
    "f_statistic": 18.155014662067103,
    "f_pvalue": 1.6263342867860983e-09,
    "aic": 1691.0744258941263,
    "bic": 1701.7281822705745,
    "durbin_watson": 0.09257049860099198,
    "coefficients": {
      "const": {
        "estimate": 12828.93312649628,
        "std_error": 120.58558739541805,
        "t_statistic": 106.38861080825774,
        "p_value": 2.4836075073290354e-106,
        "ci_lower": 12589.75218565452,
        "ci_upper": 13068.11406733804
      },
      "cpi_yoy_pct": {
        "estimate": 260.264272592951,
        "std_error": 197.12272362474206,
        "t_statistic": 1.3203159321621896,
        "p_value": 0.18968466426832753,
        "ci_lower": -130.72771505853052,
        "ci_upper": 651.2562602444325
      },
      "cpi_yoy_pct_lag1": {
        "estimate": -197.2866224164282,
        "std_error": 337.300756280906,
        "t_statistic": -0.5848982510200089,
        "p_value": 0.5599077677796238,
        "ci_lower": -866.3210731867,
        "ci_upper": 471.74782835384354
      },
      "cpi_yoy_pct_lag2": {
        "estimate": 166.38900588724732,
        "std_error": 195.37073023900132,
        "t_statistic": 0.8516577978886601,
        "p_value": 0.3963991619058591,
        "ci_lower": -221.12791119070118,
        "ci_upper": 553.9059229651958
      }
    }
  },
  "model_comparison": {
    "baseline": {
      "r_squared": 0.3428482500012908,
      "adj_r_squared": 0.33652948317438014,
      "aic": 1687.9244926388249,
      "bic": 1693.251370827049,
      "f_statistic": 54.258727912090755,
      "f_pvalue": 4.32424874385747e-11,
      "n_observations": 106
    },
    "lagged": {
      "r_squared": 0.3480972017686238,
      "adj_r_squared": 0.3289235900559363,
      "aic": 1691.0744258941263,
      "bic": 1701.7281822705745,
      "f_statistic": 18.155014662067103,
      "f_pvalue": 1.6263342867860983e-09,
      "n_observations": 106
    },
    "recommended_model": "baseline"
  },
  "interpretation": {
    "summary": "There is a statistically significant positive relationship between inflation and real consumer spending (p < 0.05).",
    "key_findings": [
      "A 1 percentage point increase in inflation is associated with a $224.66 billion change in real PCE.",
      "The baseline model explains 34.3% of the variance in real PCE.",
      "Lagged inflation effects are not statistically significant, suggesting inflation impacts spending contemporaneously rather than with a delay."
    ],
    "research_questions": {
      "q1": {
        "question": "How has rising inflation since 2020 affected real consumer spending?",
        "answer": "The positive relationship suggests inflation significantly impacts real consumer spending patterns."
      },
      "q2": {
        "question": "What is the statistical relationship between CPI and PCE?",
        "answer": "The baseline model shows an R-squared of 0.343, indicating moderate explanatory power."
      },
      "q3": {
        "question": "Does inflation affect spending immediately or with a time lag?",
        "answer": "Based on model comparison (AIC/BIC), the baseline model without lags performs better, suggesting contemporaneous rather than lagged effects."
      }
    }
  }
}